<?xml version='1.0' encoding='UTF-8' standalone='yes' ?>
<KINTANA_OBJECT ENTITY_ID="505" ENTITY_NAME="Data Source" PRIMARY_KEY="30441" REFERENCE_CODE="CHINA_CUSTOMS_RESOURCES_EFFORTS_IN_PROJECT" DEFINITION_LANGUAGE="AMERICAN" NAME="china_customs_resources_efforts_in_project" DESCRIPTION="中国海关项目人员工时统计" LAST_UPDATE_DATE="2018-11-19 15:56:50" ENABLED="Y" REFERENCE="N" FULL_DOCUMENT="Y">
<CHILD_KINTANA_OBJECT_LIST>
<KINTANA_OBJECT ENTITY_ID="13" ENTITY_NAME="Validation" PRIMARY_KEY="33102" REFERENCE_CODE="CHINA_CUSTOMS_STARTED_PROJECTS" DEFINITION_LANGUAGE="AMERICAN" NAME="china_customs_started_projects" DESCRIPTION="" LAST_UPDATE_DATE="2018-11-19 15:42:15" ENABLED="Y" REFERENCE="N" FULL_DOCUMENT="N"></KINTANA_OBJECT></CHILD_KINTANA_OBJECT_LIST>
<ROW_SET TOP_ROW_SET="N" NAME="KDSH_DATA_SOURCE_FLTRS_MIGE_V" TABLE_NAME="KDSH_DATA_SOURCE_FLTRS_MIGE_V" PARENT_ROW_SET_NAME="KDSH_DATA_SOURCES_MIGE_V" ROW_COUNT="1">
<ROW_DEF>
<COL_DEF NAME="PARAMETER_TOKEN" TYPE="VARCHAR2" SIZE="30" NULL="N"></COL_DEF>
<COL_DEF NAME="DATA_SOURCE_FILTER_ID" TYPE="NUMBER" SIZE="39" NULL="N"></COL_DEF>
<COL_DEF NAME="MIGRATOR_KEY" TYPE="VARCHAR2" SIZE="40" NULL="Y"></COL_DEF>
<COL_DEF NAME="PARENT_MIGRATOR_KEY" TYPE="NUMBER" SIZE="39" NULL="N"></COL_DEF>
<COL_DEF NAME="SEQUENCE" TYPE="NUMBER" SIZE="39" NULL="Y"></COL_DEF>
<COL_DEF NAME="WHERE_CLAUSE" TYPE="VARCHAR2" SIZE="4000" NULL="N"></COL_DEF>
<COL_DEF NAME="DATA_SOURCE_ID" TYPE="NUMBER" SIZE="39" NULL="N"></COL_DEF>
<COL_DEF NAME="CREATED_BY" TYPE="NUMBER" SIZE="39" NULL="N"></COL_DEF>
<COL_DEF NAME="LAST_UPDATE_DATE" TYPE="VARCHAR2" SIZE="19" NULL="Y"></COL_DEF>
<COL_DEF NAME="LAST_UPDATED_BY" TYPE="NUMBER" SIZE="39" NULL="N"></COL_DEF>
<COL_DEF NAME="LAST_UPDATED_BY_USERNAME" TYPE="VARCHAR2" SIZE="200" NULL="Y"></COL_DEF>
<COL_DEF NAME="CREATED_BY_USERNAME" TYPE="VARCHAR2" SIZE="200" NULL="Y"></COL_DEF>
<COL_DEF NAME="CREATION_DATE" TYPE="VARCHAR2" SIZE="19" NULL="Y"></COL_DEF>
<COL_DEF NAME="PARAMETER_SET_FIELD_ID" TYPE="NUMBER" SIZE="39" NULL="N"></COL_DEF></ROW_DEF>
<ROW MIG_KEY="30982" PARENT_KEY="30441">
<COL NAME="PARAMETER_TOKEN" VAL="PROJECT_ID"></COL>
<COL NAME="DATA_SOURCE_FILTER_ID" VAL="30982"></COL>
<COL NAME="MIGRATOR_KEY" VAL="30982"></COL>
<COL NAME="PARENT_MIGRATOR_KEY" VAL="30441"></COL>
<COL NAME="SEQUENCE" VAL="1"></COL>
<COL NAME="WHERE_CLAUSE" VAL="and WORK_ITEM_SET_ID = [P.PROJECT_ID]"></COL>
<COL NAME="DATA_SOURCE_ID" VAL="30441"></COL>
<COL NAME="CREATED_BY" VAL="1"></COL>
<COL NAME="LAST_UPDATE_DATE" VAL="2018-11-19 15:56:50"></COL>
<COL NAME="LAST_UPDATED_BY" VAL="1"></COL>
<COL NAME="LAST_UPDATED_BY_USERNAME" VAL="admin"></COL>
<COL NAME="CREATED_BY_USERNAME" VAL="admin"></COL>
<COL NAME="CREATION_DATE" VAL="2018-11-19 15:46:00"></COL>
<COL NAME="PARAMETER_SET_FIELD_ID" VAL="48104"></COL></ROW></ROW_SET>
<ROW_SET TOP_ROW_SET="N" NAME="KNTA_PARAM_RULES_MIGE_V" TABLE_NAME="KNTA_PARAM_RULES_MIGE_V" PARENT_ROW_SET_NAME="KNTA_PARAM_SET_CONTEXTS_MIGE_V" ROW_COUNT="0"></ROW_SET>
<ROW_SET TOP_ROW_SET="N" NAME="KNTA_ENTITY_SECURITY_MIGE_V" TABLE_NAME="KNTA_ENTITY_SECURITY_MIGE_V" PARENT_ROW_SET_NAME="KDSH_DATA_SOURCES_MIGE_V" ROW_COUNT="0"></ROW_SET>
<ROW_SET TOP_ROW_SET="N" NAME="KNTA_SECTIONS_MIGE_V" TABLE_NAME="KNTA_SECTIONS_MIGE_V" PARENT_ROW_SET_NAME="KDSH_DATA_SOURCES_MIGE_V" ROW_COUNT="0"></ROW_SET>
<ROW_SET TOP_ROW_SET="N" NAME="KNTA_PARAM_SET_CONTEXTS_MIGE_V" TABLE_NAME="KNTA_PARAM_SET_CONTEXTS_MIGE_V" PARENT_ROW_SET_NAME="KDSH_DATA_SOURCES_MIGE_V" ROW_COUNT="1">
<ROW_DEF>
<COL_DEF NAME="SOURCE" TYPE="VARCHAR2" SIZE="100" NULL="Y"></COL_DEF>
<COL_DEF NAME="CREATED_BY" TYPE="NUMBER" SIZE="39" NULL="N"></COL_DEF>
<COL_DEF NAME="DEFINITION_LANGUAGE" TYPE="VARCHAR2" SIZE="40" NULL="N"></COL_DEF>
<COL_DEF NAME="PARAMETER_SET_CONTEXT_ID" TYPE="NUMBER" SIZE="39" NULL="N"></COL_DEF>
<COL_DEF NAME="LAST_UPDATED_BY" TYPE="NUMBER" SIZE="39" NULL="N"></COL_DEF>
<COL_DEF NAME="CONTEXT_VALUE" TYPE="VARCHAR2" SIZE="200" NULL="Y"></COL_DEF>
<COL_DEF NAME="PARAMETER_SET_ID" TYPE="NUMBER" SIZE="39" NULL="N"></COL_DEF>
<COL_DEF NAME="CREATION_DATE" TYPE="VARCHAR2" SIZE="19" NULL="Y"></COL_DEF>
<COL_DEF NAME="VISIBLE_CONTEXT_VALUE" TYPE="VARCHAR2" SIZE="200" NULL="Y"></COL_DEF>
<COL_DEF NAME="SOURCE_TYPE_MEANING" TYPE="VARCHAR2" SIZE="150" NULL="Y"></COL_DEF>
<COL_DEF NAME="LAST_UPDATE_DATE" TYPE="VARCHAR2" SIZE="19" NULL="Y"></COL_DEF>
<COL_DEF NAME="MDL_VIEW_NAME_ROOT" TYPE="VARCHAR2" SIZE="20" NULL="Y"></COL_DEF>
<COL_DEF NAME="LAST_UPDATED_BY_USERNAME" TYPE="VARCHAR2" SIZE="200" NULL="Y"></COL_DEF>
<COL_DEF NAME="PARENT_MIGRATOR_KEY" TYPE="VARCHAR2" SIZE="200" NULL="Y"></COL_DEF>
<COL_DEF NAME="CREATED_BY_USERNAME" TYPE="VARCHAR2" SIZE="200" NULL="Y"></COL_DEF>
<COL_DEF NAME="ENTITY_ID" TYPE="NUMBER" SIZE="39" NULL="Y"></COL_DEF>
<COL_DEF NAME="MIGRATOR_KEY" TYPE="VARCHAR2" SIZE="40" NULL="Y"></COL_DEF>
<COL_DEF NAME="VISIBILITY_SEC_EXISTS_FLAG" TYPE="VARCHAR2" SIZE="1" NULL="Y"></COL_DEF>
<COL_DEF NAME="SOURCE_TYPE_CODE" TYPE="VARCHAR2" SIZE="30" NULL="Y"></COL_DEF>
<COL_DEF NAME="ENTITY_NAME" TYPE="VARCHAR2" SIZE="80" NULL="Y"></COL_DEF>
<COL_DEF NAME="ENTITY_LAST_UPDATE_DATE" TYPE="VARCHAR2" SIZE="19" NULL="Y"></COL_DEF>
<COL_DEF NAME="ENABLED_FLAG" TYPE="VARCHAR2" SIZE="1" NULL="N"></COL_DEF></ROW_DEF>
<ROW MIG_KEY="34085" PARENT_KEY="30441">
<COL NAME="SOURCE" VAL=""></COL>
<COL NAME="CREATED_BY" VAL="1"></COL>
<COL NAME="DEFINITION_LANGUAGE" VAL="AMERICAN"></COL>
<COL NAME="PARAMETER_SET_CONTEXT_ID" VAL="34085"></COL>
<COL NAME="LAST_UPDATED_BY" VAL="1"></COL>
<COL NAME="CONTEXT_VALUE" VAL="30441"></COL>
<COL NAME="PARAMETER_SET_ID" VAL="954"></COL>
<COL NAME="CREATION_DATE" VAL="2018-11-19 15:03:29"></COL>
<COL NAME="VISIBLE_CONTEXT_VALUE" VAL=""></COL>
<COL NAME="SOURCE_TYPE_MEANING" VAL=""></COL>
<COL NAME="LAST_UPDATE_DATE" VAL="2018-11-19 15:03:29"></COL>
<COL NAME="MDL_VIEW_NAME_ROOT" VAL=""></COL>
<COL NAME="LAST_UPDATED_BY_USERNAME" VAL="admin"></COL>
<COL NAME="PARENT_MIGRATOR_KEY" VAL="30441"></COL>
<COL NAME="CREATED_BY_USERNAME" VAL="admin"></COL>
<COL NAME="ENTITY_ID" VAL="505"></COL>
<COL NAME="MIGRATOR_KEY" VAL="34085"></COL>
<COL NAME="VISIBILITY_SEC_EXISTS_FLAG" VAL=""></COL>
<COL NAME="SOURCE_TYPE_CODE" VAL=""></COL>
<COL NAME="ENTITY_NAME" VAL="Data Source"></COL>
<COL NAME="ENTITY_LAST_UPDATE_DATE" VAL="2018-11-19 15:03:29"></COL>
<COL NAME="ENABLED_FLAG" VAL="Y"></COL></ROW></ROW_SET>
<ROW_SET TOP_ROW_SET="N" NAME="KDSH_DATA_SOURCE_COLS_MIGE_V" TABLE_NAME="KDSH_DATA_SOURCE_COLS_MIGE_V" PARENT_ROW_SET_NAME="KDSH_DATA_SOURCES_MIGE_V" ROW_COUNT="4">
<ROW_DEF>
<COL_DEF NAME="CREATED_BY" TYPE="NUMBER" SIZE="39" NULL="N"></COL_DEF>
<COL_DEF NAME="LAST_UPDATED_BY" TYPE="NUMBER" SIZE="39" NULL="N"></COL_DEF>
<COL_DEF NAME="COLUMN_ALIAS" TYPE="VARCHAR2" SIZE="30" NULL="N"></COL_DEF>
<COL_DEF NAME="CREATION_DATE" TYPE="VARCHAR2" SIZE="19" NULL="Y"></COL_DEF>
<COL_DEF NAME="NAME" TYPE="VARCHAR2" SIZE="100" NULL="N"></COL_DEF>
<COL_DEF NAME="DATA_SOURCE_ID" TYPE="NUMBER" SIZE="39" NULL="N"></COL_DEF>
<COL_DEF NAME="LAST_UPDATE_DATE" TYPE="VARCHAR2" SIZE="19" NULL="Y"></COL_DEF>
<COL_DEF NAME="DATA_SOURCE_COLUMN_ID" TYPE="NUMBER" SIZE="39" NULL="N"></COL_DEF>
<COL_DEF NAME="LAST_UPDATED_BY_USERNAME" TYPE="VARCHAR2" SIZE="200" NULL="Y"></COL_DEF>
<COL_DEF NAME="PARENT_MIGRATOR_KEY" TYPE="NUMBER" SIZE="39" NULL="N"></COL_DEF>
<COL_DEF NAME="CREATED_BY_USERNAME" TYPE="VARCHAR2" SIZE="200" NULL="Y"></COL_DEF>
<COL_DEF NAME="DESCRIPTION" TYPE="VARCHAR2" SIZE="1800" NULL="Y"></COL_DEF>
<COL_DEF NAME="HYPERLINK_TYPE" TYPE="VARCHAR2" SIZE="30" NULL="Y"></COL_DEF>
<COL_DEF NAME="MIGRATOR_KEY" TYPE="VARCHAR2" SIZE="40" NULL="Y"></COL_DEF>
<COL_DEF NAME="COLUMN_TYPE" TYPE="VARCHAR2" SIZE="30" NULL="N"></COL_DEF>
<COL_DEF NAME="CURRENCY_ID_DB_COLUMN" TYPE="VARCHAR2" SIZE="1000" NULL="Y"></COL_DEF>
<COL_DEF NAME="DB_COLUMN" TYPE="VARCHAR2" SIZE="1000" NULL="Y"></COL_DEF>
<COL_DEF NAME="CURRENCY_LOCAL_DB_COLUMN" TYPE="VARCHAR2" SIZE="1000" NULL="Y"></COL_DEF>
<COL_DEF NAME="CURRENCY_BASE_DB_COLUMN" TYPE="VARCHAR2" SIZE="1000" NULL="Y"></COL_DEF>
<COL_DEF NAME="HYPERLINK_ENTITY_DB_COLUMN" TYPE="VARCHAR2" SIZE="1000" NULL="Y"></COL_DEF>
<COL_DEF NAME="HYPERLINK_TEXT" TYPE="VARCHAR2" SIZE="1000" NULL="Y"></COL_DEF></ROW_DEF>
<ROW MIG_KEY="31923" PARENT_KEY="30441">
<COL NAME="CREATED_BY" VAL="1"></COL>
<COL NAME="LAST_UPDATED_BY" VAL="1"></COL>
<COL NAME="COLUMN_ALIAS" VAL="ACTUALS_TO_DATE"></COL>
<COL NAME="CREATION_DATE" VAL="2018-11-19 15:03:29"></COL>
<COL NAME="NAME" VAL="ACTUALS_TO_DATE"></COL>
<COL NAME="DATA_SOURCE_ID" VAL="30441"></COL>
<COL NAME="LAST_UPDATE_DATE" VAL="2018-11-19 15:03:29"></COL>
<COL NAME="DATA_SOURCE_COLUMN_ID" VAL="31923"></COL>
<COL NAME="LAST_UPDATED_BY_USERNAME" VAL="admin"></COL>
<COL NAME="PARENT_MIGRATOR_KEY" VAL="30441"></COL>
<COL NAME="CREATED_BY_USERNAME" VAL="admin"></COL>
<COL NAME="DESCRIPTION" VAL=""></COL>
<COL NAME="HYPERLINK_TYPE" VAL=""></COL>
<COL NAME="MIGRATOR_KEY" VAL="31923"></COL>
<COL NAME="COLUMN_TYPE" VAL="NUMBER"></COL>
<COL NAME="CURRENCY_ID_DB_COLUMN" VAL=""></COL>
<COL NAME="DB_COLUMN" VAL="actuals_to_date"></COL>
<COL NAME="CURRENCY_LOCAL_DB_COLUMN" VAL=""></COL>
<COL NAME="CURRENCY_BASE_DB_COLUMN" VAL=""></COL>
<COL NAME="HYPERLINK_ENTITY_DB_COLUMN" VAL=""></COL>
<COL NAME="HYPERLINK_TEXT" VAL=""></COL></ROW>
<ROW MIG_KEY="31922" PARENT_KEY="30441">
<COL NAME="CREATED_BY" VAL="1"></COL>
<COL NAME="LAST_UPDATED_BY" VAL="1"></COL>
<COL NAME="COLUMN_ALIAS" VAL="ACTUAL_TIME_PREVIOUS"></COL>
<COL NAME="CREATION_DATE" VAL="2018-11-19 15:03:29"></COL>
<COL NAME="NAME" VAL="ACTUAL_TIME_PREVIOUS"></COL>
<COL NAME="DATA_SOURCE_ID" VAL="30441"></COL>
<COL NAME="LAST_UPDATE_DATE" VAL="2018-11-19 15:03:29"></COL>
<COL NAME="DATA_SOURCE_COLUMN_ID" VAL="31922"></COL>
<COL NAME="LAST_UPDATED_BY_USERNAME" VAL="admin"></COL>
<COL NAME="PARENT_MIGRATOR_KEY" VAL="30441"></COL>
<COL NAME="CREATED_BY_USERNAME" VAL="admin"></COL>
<COL NAME="DESCRIPTION" VAL=""></COL>
<COL NAME="HYPERLINK_TYPE" VAL=""></COL>
<COL NAME="MIGRATOR_KEY" VAL="31922"></COL>
<COL NAME="COLUMN_TYPE" VAL="NUMBER"></COL>
<COL NAME="CURRENCY_ID_DB_COLUMN" VAL=""></COL>
<COL NAME="DB_COLUMN" VAL="actual_time_previous"></COL>
<COL NAME="CURRENCY_LOCAL_DB_COLUMN" VAL=""></COL>
<COL NAME="CURRENCY_BASE_DB_COLUMN" VAL=""></COL>
<COL NAME="HYPERLINK_ENTITY_DB_COLUMN" VAL=""></COL>
<COL NAME="HYPERLINK_TEXT" VAL=""></COL></ROW>
<ROW MIG_KEY="31921" PARENT_KEY="30441">
<COL NAME="CREATED_BY" VAL="1"></COL>
<COL NAME="LAST_UPDATED_BY" VAL="1"></COL>
<COL NAME="COLUMN_ALIAS" VAL="ACTUAL_TIME_CURRENT"></COL>
<COL NAME="CREATION_DATE" VAL="2018-11-19 15:03:29"></COL>
<COL NAME="NAME" VAL="ACTUAL_TIME_CURRENT"></COL>
<COL NAME="DATA_SOURCE_ID" VAL="30441"></COL>
<COL NAME="LAST_UPDATE_DATE" VAL="2018-11-19 15:03:29"></COL>
<COL NAME="DATA_SOURCE_COLUMN_ID" VAL="31921"></COL>
<COL NAME="LAST_UPDATED_BY_USERNAME" VAL="admin"></COL>
<COL NAME="PARENT_MIGRATOR_KEY" VAL="30441"></COL>
<COL NAME="CREATED_BY_USERNAME" VAL="admin"></COL>
<COL NAME="DESCRIPTION" VAL=""></COL>
<COL NAME="HYPERLINK_TYPE" VAL=""></COL>
<COL NAME="MIGRATOR_KEY" VAL="31921"></COL>
<COL NAME="COLUMN_TYPE" VAL="NUMBER"></COL>
<COL NAME="CURRENCY_ID_DB_COLUMN" VAL=""></COL>
<COL NAME="DB_COLUMN" VAL="actual_time_current"></COL>
<COL NAME="CURRENCY_LOCAL_DB_COLUMN" VAL=""></COL>
<COL NAME="CURRENCY_BASE_DB_COLUMN" VAL=""></COL>
<COL NAME="HYPERLINK_ENTITY_DB_COLUMN" VAL=""></COL>
<COL NAME="HYPERLINK_TEXT" VAL=""></COL></ROW>
<ROW MIG_KEY="31920" PARENT_KEY="30441">
<COL NAME="CREATED_BY" VAL="1"></COL>
<COL NAME="LAST_UPDATED_BY" VAL="1"></COL>
<COL NAME="COLUMN_ALIAS" VAL="RESOURCE_FULL_NAME"></COL>
<COL NAME="CREATION_DATE" VAL="2018-11-19 15:03:29"></COL>
<COL NAME="NAME" VAL="RESOURCE_FULL_NAME"></COL>
<COL NAME="DATA_SOURCE_ID" VAL="30441"></COL>
<COL NAME="LAST_UPDATE_DATE" VAL="2018-11-19 15:03:29"></COL>
<COL NAME="DATA_SOURCE_COLUMN_ID" VAL="31920"></COL>
<COL NAME="LAST_UPDATED_BY_USERNAME" VAL="admin"></COL>
<COL NAME="PARENT_MIGRATOR_KEY" VAL="30441"></COL>
<COL NAME="CREATED_BY_USERNAME" VAL="admin"></COL>
<COL NAME="DESCRIPTION" VAL=""></COL>
<COL NAME="HYPERLINK_TYPE" VAL=""></COL>
<COL NAME="MIGRATOR_KEY" VAL="31920"></COL>
<COL NAME="COLUMN_TYPE" VAL="VARCHAR"></COL>
<COL NAME="CURRENCY_ID_DB_COLUMN" VAL=""></COL>
<COL NAME="DB_COLUMN" VAL="/*+ PUSH_PRED(v) */   resource_full_name"></COL>
<COL NAME="CURRENCY_LOCAL_DB_COLUMN" VAL=""></COL>
<COL NAME="CURRENCY_BASE_DB_COLUMN" VAL=""></COL>
<COL NAME="HYPERLINK_ENTITY_DB_COLUMN" VAL=""></COL>
<COL NAME="HYPERLINK_TEXT" VAL=""></COL></ROW></ROW_SET>
<ROW_SET TOP_ROW_SET="N" NAME="KNTA_PARAM_RULE_RESULTS_MIGE_V" TABLE_NAME="KNTA_PARAM_RULE_RESULTS_MIGE_V" PARENT_ROW_SET_NAME="KNTA_PARAM_RULES_MIGE_V" ROW_COUNT="0"></ROW_SET>
<ROW_SET TOP_ROW_SET="Y" NAME="KDSH_DATA_SOURCES_MIGE_V" TABLE_NAME="KDSH_DATA_SOURCES_MIGE_V" ROW_COUNT="1">
<ROW_DEF>
<COL_DEF NAME="TIMEOUT" TYPE="NUMBER" SIZE="39" NULL="Y"></COL_DEF>
<COL_DEF NAME="BASE_HAVING_CLAUSE" TYPE="VARCHAR2" SIZE="4000" NULL="Y"></COL_DEF>
<COL_DEF NAME="RESTRICT_ACCESS_FLAG" TYPE="VARCHAR2" SIZE="1" NULL="N"></COL_DEF>
<COL_DEF NAME="BASE_FROM_CLAUSE" TYPE="VARCHAR2" SIZE="4000" NULL="Y"></COL_DEF>
<COL_DEF NAME="CREATED_BY" TYPE="NUMBER" SIZE="39" NULL="N"></COL_DEF>
<COL_DEF NAME="DEFINITION_LANGUAGE" TYPE="VARCHAR2" SIZE="40" NULL="N"></COL_DEF>
<COL_DEF NAME="BASE_GROUP_BY_CLAUSE" TYPE="VARCHAR2" SIZE="4000" NULL="Y"></COL_DEF>
<COL_DEF NAME="DATA_SOURCE_NAME" TYPE="VARCHAR2" SIZE="80" NULL="N"></COL_DEF>
<COL_DEF NAME="LAST_UPDATED_BY" TYPE="NUMBER" SIZE="39" NULL="N"></COL_DEF>
<COL_DEF NAME="CREATION_DATE" TYPE="VARCHAR2" SIZE="19" NULL="Y"></COL_DEF>
<COL_DEF NAME="LIMIT_RESULTS_FLAG" TYPE="VARCHAR2" SIZE="1" NULL="N"></COL_DEF>
<COL_DEF NAME="DATA_SOURCE_ID" TYPE="NUMBER" SIZE="39" NULL="N"></COL_DEF>
<COL_DEF NAME="LAST_UPDATE_DATE" TYPE="VARCHAR2" SIZE="19" NULL="Y"></COL_DEF>
<COL_DEF NAME="BASE_ORDER_BY_CLAUSE" TYPE="VARCHAR2" SIZE="4000" NULL="Y"></COL_DEF>
<COL_DEF NAME="LAST_UPDATED_BY_USERNAME" TYPE="VARCHAR2" SIZE="200" NULL="Y"></COL_DEF>
<COL_DEF NAME="CREATED_BY_USERNAME" TYPE="VARCHAR2" SIZE="200" NULL="Y"></COL_DEF>
<COL_DEF NAME="DESCRIPTION" TYPE="VARCHAR2" SIZE="400" NULL="Y"></COL_DEF>
<COL_DEF NAME="USE_BIND_VARIABLES_FLAG" TYPE="VARCHAR2" SIZE="1" NULL="N"></COL_DEF>
<COL_DEF NAME="MIGRATOR_KEY" TYPE="VARCHAR2" SIZE="40" NULL="Y"></COL_DEF>
<COL_DEF NAME="REFERENCE_CODE" TYPE="VARCHAR2" SIZE="200" NULL="N"></COL_DEF>
<COL_DEF NAME="BASE_WHERE_CLAUSE" TYPE="CLOB" SIZE="4000" NULL="Y"></COL_DEF>
<COL_DEF NAME="ENTITY_LAST_UPDATE_DATE" TYPE="VARCHAR2" SIZE="19" NULL="Y"></COL_DEF>
<COL_DEF NAME="ENABLED_FLAG" TYPE="VARCHAR2" SIZE="1" NULL="N"></COL_DEF></ROW_DEF>
<ROW MIG_KEY="30441" PARENT_KEY="">
<COL NAME="TIMEOUT" VAL=""></COL>
<COL NAME="BASE_HAVING_CLAUSE" VAL=""></COL>
<COL NAME="RESTRICT_ACCESS_FLAG" VAL="N"></COL>
<COL NAME="BASE_FROM_CLAUSE" VAL="FROM cc_resources_in_project_v v"></COL>
<COL NAME="CREATED_BY" VAL="1"></COL>
<COL NAME="DEFINITION_LANGUAGE" VAL="AMERICAN"></COL>
<COL NAME="BASE_GROUP_BY_CLAUSE" VAL=""></COL>
<COL NAME="DATA_SOURCE_NAME" VAL="china_customs_resources_efforts_in_project"></COL>
<COL NAME="LAST_UPDATED_BY" VAL="1"></COL>
<COL NAME="CREATION_DATE" VAL="2018-11-19 15:03:27"></COL>
<COL NAME="LIMIT_RESULTS_FLAG" VAL="Y"></COL>
<COL NAME="DATA_SOURCE_ID" VAL="30441"></COL>
<COL NAME="LAST_UPDATE_DATE" VAL="2018-11-19 15:56:50"></COL>
<COL NAME="BASE_ORDER_BY_CLAUSE" VAL=""></COL>
<COL NAME="LAST_UPDATED_BY_USERNAME" VAL="admin"></COL>
<COL NAME="CREATED_BY_USERNAME" VAL="admin"></COL>
<COL NAME="DESCRIPTION" VAL="中国海关项目人员工时统计"></COL>
<COL NAME="USE_BIND_VARIABLES_FLAG" VAL="N"></COL>
<COL NAME="MIGRATOR_KEY" VAL="30441"></COL>
<COL NAME="REFERENCE_CODE" VAL="CHINA_CUSTOMS_RESOURCES_EFFORTS_IN_PROJECT"></COL>
<COL NAME="BASE_WHERE_CLAUSE" VAL="WHERE 1=1"></COL>
<COL NAME="ENTITY_LAST_UPDATE_DATE" VAL="2018-11-19 15:56:50"></COL>
<COL NAME="ENABLED_FLAG" VAL="Y"></COL></ROW></ROW_SET>
<ROW_SET TOP_ROW_SET="N" NAME="KNTA_PARAM_RULE_DEPEND_MIGE_V" TABLE_NAME="KNTA_PARAM_RULE_DEPEND_MIGE_V" PARENT_ROW_SET_NAME="KNTA_PARAM_RULES_MIGE_V" ROW_COUNT="0"></ROW_SET>
<ROW_SET TOP_ROW_SET="N" NAME="KNTA_FIELD_SECURITY_MIGE_V" TABLE_NAME="KNTA_FIELD_SECURITY_MIGE_V" PARENT_ROW_SET_NAME="KNTA_PARAM_SET_FIELDS_MIGE_V" ROW_COUNT="0"></ROW_SET>
<ROW_SET TOP_ROW_SET="N" NAME="KNTA_PARAM_SET_FIELDS_MIGE_V" TABLE_NAME="KNTA_PARAM_SET_FIELDS_MIGE_V" PARENT_ROW_SET_NAME="KNTA_PARAM_SET_CONTEXTS_MIGE_V" ROW_COUNT="1">
<ROW_DEF>
<COL_DEF NAME="PARAMETER_TABLE_NAME" TYPE="VARCHAR2" SIZE="30" NULL="Y"></COL_DEF>
<COL_DEF NAME="LAST_UPDATED_BY_USERNAME" TYPE="VARCHAR2" SIZE="200" NULL="Y"></COL_DEF>
<COL_DEF NAME="SOURCE" TYPE="VARCHAR2" SIZE="100" NULL="Y"></COL_DEF>
<COL_DEF NAME="ENABLED_FLAG" TYPE="VARCHAR2" SIZE="1" NULL="N"></COL_DEF>
<COL_DEF NAME="DESCRIPTION" TYPE="VARCHAR2" SIZE="400" NULL="Y"></COL_DEF>
<COL_DEF NAME="VALIDATION_PROFILE_ID" TYPE="NUMBER" SIZE="39" NULL="Y"></COL_DEF>
<COL_DEF NAME="DEFAULT_CONST_VALUE" TYPE="VARCHAR2" SIZE="4000" NULL="Y"></COL_DEF>
<COL_DEF NAME="COLUMN_NUMBER" TYPE="NUMBER" SIZE="39" NULL="Y"></COL_DEF>
<COL_DEF NAME="DEFAULT_TYPE_MEANING" TYPE="VARCHAR2" SIZE="150" NULL="Y"></COL_DEF>
<COL_DEF NAME="PRODUCT_SCOPE_CODE" TYPE="VARCHAR2" SIZE="40" NULL="N"></COL_DEF>
<COL_DEF NAME="SOURCE_TYPE_MEANING" TYPE="VARCHAR2" SIZE="150" NULL="Y"></COL_DEF>
<COL_DEF NAME="SOURCE_PARAMETER_SET_FIELD_ID" TYPE="NUMBER" SIZE="39" NULL="Y"></COL_DEF>
<COL_DEF NAME="SOURCE_PARAMETER_SET_ID" TYPE="NUMBER" SIZE="39" NULL="Y"></COL_DEF>
<COL_DEF NAME="PARAMETER_SET_CONTEXT_ID" TYPE="NUMBER" SIZE="39" NULL="N"></COL_DEF>
<COL_DEF NAME="SEARCH_VALIDATION_NAME" TYPE="VARCHAR2" SIZE="150" NULL="Y"></COL_DEF>
<COL_DEF NAME="LAST_UPDATE_DATE" TYPE="VARCHAR2" SIZE="19" NULL="Y"></COL_DEF>
<COL_DEF NAME="ROW_NUMBER" TYPE="NUMBER" SIZE="39" NULL="Y"></COL_DEF>
<COL_DEF NAME="CREATED_BY" TYPE="NUMBER" SIZE="39" NULL="N"></COL_DEF>
<COL_DEF NAME="GRID_HEIGHT" TYPE="NUMBER" SIZE="39" NULL="Y"></COL_DEF>
<COL_DEF NAME="PROMPT" TYPE="VARCHAR2" SIZE="100" NULL="N"></COL_DEF>
<COL_DEF NAME="BATCH_NUMBER" TYPE="NUMBER" SIZE="39" NULL="Y"></COL_DEF>
<COL_DEF NAME="PARAMETER_SET_FIELD_ID" TYPE="NUMBER" SIZE="39" NULL="N"></COL_DEF>
<COL_DEF NAME="VALIDATION_NAME" TYPE="VARCHAR2" SIZE="150" NULL="Y"></COL_DEF>
<COL_DEF NAME="REQUIRED_FLAG" TYPE="VARCHAR2" SIZE="1" NULL="N"></COL_DEF>
<COL_DEF NAME="CREATED_BY_USERNAME" TYPE="VARCHAR2" SIZE="200" NULL="Y"></COL_DEF>
<COL_DEF NAME="PARAMETER_COLUMN_NUMBER" TYPE="NUMBER" SIZE="39" NULL="Y"></COL_DEF>
<COL_DEF NAME="CLEAR_RULE" TYPE="VARCHAR2" SIZE="500" NULL="Y"></COL_DEF>
<COL_DEF NAME="VALIDATION_ID" TYPE="NUMBER" SIZE="39" NULL="N"></COL_DEF>
<COL_DEF NAME="DISPLAY_TOTAL_FLAG" TYPE="VARCHAR2" SIZE="1" NULL="Y"></COL_DEF>
<COL_DEF NAME="NOTES_HISTORY_FLAG" TYPE="VARCHAR2" SIZE="1" NULL="N"></COL_DEF>
<COL_DEF NAME="SOURCE_TYPE_CODE" TYPE="VARCHAR2" SIZE="30" NULL="Y"></COL_DEF>
<COL_DEF NAME="DEFINITION_LANGUAGE" TYPE="VARCHAR2" SIZE="40" NULL="N"></COL_DEF>
<COL_DEF NAME="DEFAULT_TYPE" TYPE="NUMBER" SIZE="39" NULL="Y"></COL_DEF>
<COL_DEF NAME="MIGRATOR_KEY" TYPE="VARCHAR2" SIZE="40" NULL="Y"></COL_DEF>
<COL_DEF NAME="PARAMETER_VIS_VALUE_COL_NAME" TYPE="VARCHAR2" SIZE="30" NULL="Y"></COL_DEF>
<COL_DEF NAME="VISIBLE_TO_ALL_FLAG" TYPE="VARCHAR2" SIZE="1" NULL="N"></COL_DEF>
<COL_DEF NAME="DISPLAY_ONLY_FLAG" TYPE="VARCHAR2" SIZE="1" NULL="N"></COL_DEF>
<COL_DEF NAME="SECTION_ID" TYPE="NUMBER" SIZE="39" NULL="Y"></COL_DEF>
<COL_DEF NAME="PARAMETER_TOKEN" TYPE="VARCHAR2" SIZE="30" NULL="N"></COL_DEF>
<COL_DEF NAME="SEARCHABLE_FLAG" TYPE="VARCHAR2" SIZE="1" NULL="Y"></COL_DEF>
<COL_DEF NAME="PARAMETER_VALUE_COL_NAME" TYPE="VARCHAR2" SIZE="30" NULL="Y"></COL_DEF>
<COL_DEF NAME="PARENT_MIGRATOR_KEY" TYPE="VARCHAR2" SIZE="40" NULL="Y"></COL_DEF>
<COL_DEF NAME="UPDATEABLE_FLAG" TYPE="VARCHAR2" SIZE="1" NULL="N"></COL_DEF>
<COL_DEF NAME="TRANS_HISTORY_FLAG" TYPE="VARCHAR2" SIZE="1" NULL="N"></COL_DEF>
<COL_DEF NAME="GRID_WIDTH" TYPE="NUMBER" SIZE="39" NULL="Y"></COL_DEF>
<COL_DEF NAME="REQUIRED_RULE" TYPE="VARCHAR2" SIZE="200" NULL="Y"></COL_DEF>
<COL_DEF NAME="VISIBLE_DEFAULT_CONST_VALUE" TYPE="VARCHAR2" SIZE="4000" NULL="Y"></COL_DEF>
<COL_DEF NAME="VALIDATION_PROFILE_NAME" TYPE="VARCHAR2" SIZE="80" NULL="Y"></COL_DEF>
<COL_DEF NAME="REFERENCE_CODE" TYPE="VARCHAR2" SIZE="200" NULL="N"></COL_DEF>
<COL_DEF NAME="DEFAULT_PARAMETER_TOKEN" TYPE="VARCHAR2" SIZE="30" NULL="Y"></COL_DEF>
<COL_DEF NAME="EDITABLE_BY_ALL_FLAG" TYPE="VARCHAR2" SIZE="1" NULL="N"></COL_DEF>
<COL_DEF NAME="FIELD_ID" TYPE="NUMBER" SIZE="39" NULL="Y"></COL_DEF>
<COL_DEF NAME="SEARCH_VALIDATION_ID" TYPE="NUMBER" SIZE="39" NULL="Y"></COL_DEF>
<COL_DEF NAME="DISPLAY_FLAG" TYPE="VARCHAR2" SIZE="1" NULL="N"></COL_DEF>
<COL_DEF NAME="COMPONENT_LINES" TYPE="NUMBER" SIZE="39" NULL="Y"></COL_DEF>
<COL_DEF NAME="DISPLAY_ONLY_RULE" TYPE="VARCHAR2" SIZE="200" NULL="Y"></COL_DEF>
<COL_DEF NAME="PRODUCT_SCOPE_MEANING" TYPE="VARCHAR2" SIZE="150" NULL="Y"></COL_DEF>
<COL_DEF NAME="TABLE_COLUMN_SEQUENCE" TYPE="NUMBER" SIZE="39" NULL="Y"></COL_DEF>
<COL_DEF NAME="LAST_UPDATED_BY" TYPE="NUMBER" SIZE="39" NULL="N"></COL_DEF>
<COL_DEF NAME="CREATION_DATE" TYPE="VARCHAR2" SIZE="19" NULL="Y"></COL_DEF>
<COL_DEF NAME="MULTI_FLAG" TYPE="VARCHAR2" SIZE="1" NULL="N"></COL_DEF>
<COL_DEF NAME="WORKBENCH_ONLY_FLAG" TYPE="VARCHAR2" SIZE="1" NULL="N"></COL_DEF></ROW_DEF>
<ROW MIG_KEY="48104" PARENT_KEY="34085">
<COL NAME="PARAMETER_TABLE_NAME" VAL=""></COL>
<COL NAME="LAST_UPDATED_BY_USERNAME" VAL="admin"></COL>
<COL NAME="SOURCE" VAL=""></COL>
<COL NAME="ENABLED_FLAG" VAL="Y"></COL>
<COL NAME="DESCRIPTION" VAL=""></COL>
<COL NAME="VALIDATION_PROFILE_ID" VAL=""></COL>
<COL NAME="DEFAULT_CONST_VALUE" VAL=""></COL>
<COL NAME="COLUMN_NUMBER" VAL=""></COL>
<COL NAME="DEFAULT_TYPE_MEANING" VAL=""></COL>
<COL NAME="PRODUCT_SCOPE_CODE" VAL="ALL"></COL>
<COL NAME="SOURCE_TYPE_MEANING" VAL=""></COL>
<COL NAME="SOURCE_PARAMETER_SET_FIELD_ID" VAL=""></COL>
<COL NAME="SOURCE_PARAMETER_SET_ID" VAL=""></COL>
<COL NAME="PARAMETER_SET_CONTEXT_ID" VAL="34085"></COL>
<COL NAME="SEARCH_VALIDATION_NAME" VAL=""></COL>
<COL NAME="LAST_UPDATE_DATE" VAL="2018-11-19 15:56:50"></COL>
<COL NAME="ROW_NUMBER" VAL=""></COL>
<COL NAME="CREATED_BY" VAL="1"></COL>
<COL NAME="GRID_HEIGHT" VAL=""></COL>
<COL NAME="PROMPT" VAL="project_id"></COL>
<COL NAME="BATCH_NUMBER" VAL=""></COL>
<COL NAME="PARAMETER_SET_FIELD_ID" VAL="48104"></COL>
<COL NAME="VALIDATION_NAME" VAL="china_customs_started_projects"></COL>
<COL NAME="REQUIRED_FLAG" VAL="N"></COL>
<COL NAME="CREATED_BY_USERNAME" VAL="admin"></COL>
<COL NAME="PARAMETER_COLUMN_NUMBER" VAL="1"></COL>
<COL NAME="CLEAR_RULE" VAL=""></COL>
<COL NAME="VALIDATION_ID" VAL="33102"></COL>
<COL NAME="DISPLAY_TOTAL_FLAG" VAL="N"></COL>
<COL NAME="NOTES_HISTORY_FLAG" VAL="N"></COL>
<COL NAME="SOURCE_TYPE_CODE" VAL=""></COL>
<COL NAME="DEFINITION_LANGUAGE" VAL="AMERICAN"></COL>
<COL NAME="DEFAULT_TYPE" VAL=""></COL>
<COL NAME="MIGRATOR_KEY" VAL="48104"></COL>
<COL NAME="PARAMETER_VIS_VALUE_COL_NAME" VAL=""></COL>
<COL NAME="VISIBLE_TO_ALL_FLAG" VAL="Y"></COL>
<COL NAME="DISPLAY_ONLY_FLAG" VAL="N"></COL>
<COL NAME="SECTION_ID" VAL="0"></COL>
<COL NAME="PARAMETER_TOKEN" VAL="PROJECT_ID"></COL>
<COL NAME="SEARCHABLE_FLAG" VAL=""></COL>
<COL NAME="PARAMETER_VALUE_COL_NAME" VAL=""></COL>
<COL NAME="PARENT_MIGRATOR_KEY" VAL="34085"></COL>
<COL NAME="UPDATEABLE_FLAG" VAL="Y"></COL>
<COL NAME="TRANS_HISTORY_FLAG" VAL="N"></COL>
<COL NAME="GRID_WIDTH" VAL=""></COL>
<COL NAME="REQUIRED_RULE" VAL=""></COL>
<COL NAME="VISIBLE_DEFAULT_CONST_VALUE" VAL=""></COL>
<COL NAME="VALIDATION_PROFILE_NAME" VAL=""></COL>
<COL NAME="REFERENCE_CODE" VAL="CHINA_CUSTOMS_RESOURCES_EFFORTS_IN_PROJECT_PROJECT_ID_c681be6d365ed152bc804d7bead9ee1a"></COL>
<COL NAME="DEFAULT_PARAMETER_TOKEN" VAL=""></COL>
<COL NAME="EDITABLE_BY_ALL_FLAG" VAL="Y"></COL>
<COL NAME="FIELD_ID" VAL=""></COL>
<COL NAME="SEARCH_VALIDATION_ID" VAL=""></COL>
<COL NAME="DISPLAY_FLAG" VAL="Y"></COL>
<COL NAME="COMPONENT_LINES" VAL=""></COL>
<COL NAME="DISPLAY_ONLY_RULE" VAL=""></COL>
<COL NAME="PRODUCT_SCOPE_MEANING" VAL="All Products"></COL>
<COL NAME="TABLE_COLUMN_SEQUENCE" VAL=""></COL>
<COL NAME="LAST_UPDATED_BY" VAL="1"></COL>
<COL NAME="CREATION_DATE" VAL="2018-11-19 15:46:00"></COL>
<COL NAME="MULTI_FLAG" VAL="N"></COL>
<COL NAME="WORKBENCH_ONLY_FLAG" VAL="N"></COL></ROW></ROW_SET></KINTANA_OBJECT>