<?xml version='1.0' encoding='UTF-8' standalone='yes' ?>
<GLOBAL_LIST>
<KINTANA_OBJECT_LIST SIZE="3">
<KINTANA_OBJECT ENTITY_ID="505" ENTITY_NAME="Data Source" PRIMARY_KEY="30441" REFERENCE_CODE="CHINA_CUSTOMS_RESOURCES_EFFORTS_IN_PROJECT" DEFINITION_LANGUAGE="AMERICAN" NAME="china_customs_resources_efforts_in_project" DESCRIPTION="中国海关项目人员工时统计" LAST_UPDATE_DATE="2018-11-19 15:56:50" ENABLED="Y" REFERENCE="N" FULL_DOCUMENT="N"></KINTANA_OBJECT>
<KINTANA_OBJECT ENTITY_ID="13" ENTITY_NAME="Validation" PRIMARY_KEY="33102" REFERENCE_CODE="CHINA_CUSTOMS_STARTED_PROJECTS" DEFINITION_LANGUAGE="AMERICAN" NAME="china_customs_started_projects" DESCRIPTION="" LAST_UPDATE_DATE="2018-11-19 15:42:15" ENABLED="Y" REFERENCE="N" FULL_DOCUMENT="N"></KINTANA_OBJECT>
<KINTANA_OBJECT ENTITY_ID="13" ENTITY_NAME="Validation" PRIMARY_KEY="1027" REFERENCE_CODE="_TEXT_FIELD_40" DEFINITION_LANGUAGE="AMERICAN" NAME="Text Field - 40" DESCRIPTION="Text Field - 40" LAST_UPDATE_DATE="2008-11-05 17:38:29" ENABLED="Y" REFERENCE="Y" FULL_DOCUMENT="N"></KINTANA_OBJECT></KINTANA_OBJECT_LIST>
<ELEM_TOP_OBJECT_KEY_LIST>
<ELEM_OBJECT_KEY HASHKEY="505#@#30441"></ELEM_OBJECT_KEY></ELEM_TOP_OBJECT_KEY_LIST></GLOBAL_LIST>