<?xml version='1.0' encoding='UTF-8' standalone='yes' ?>
<GLOBAL_LIST>
<KINTANA_OBJECT_LIST SIZE="1">
<KINTANA_OBJECT ENTITY_ID="509" ENTITY_NAME="Portlet Definition" PRIMARY_KEY="34766849" REFERENCE_CODE="" DEFINITION_LANGUAGE="" NAME="项目人员工时统计" DESCRIPTION="" LAST_UPDATE_DATE="2018-11-19 15:49:57" ENABLED="Y" REFERENCE="N" FULL_DOCUMENT="N"></KINTANA_OBJECT></KINTANA_OBJECT_LIST>
<ELEM_TOP_OBJECT_KEY_LIST>
<ELEM_OBJECT_KEY HASHKEY="509#@#34766849"></ELEM_OBJECT_KEY></ELEM_TOP_OBJECT_KEY_LIST></GLOBAL_LIST>