<?xml version="1.0" encoding="UTF-8"?><ExportList xmlns:xsi="http://www.w3.org/2001/XMLSchema-instance"><version>2</version><PortletCategory><name>Project Overview</name><builtIn>true</builtIn><type>PO_EM</type><dependentUuid>fcbdcf3790ab4b6a:-244fac84:1672b0941ec:-7fec</dependentUuid></PortletCategory><PortletCategory><name>Project Management</name><builtIn>true</builtIn><dependentUuid>fcbdcf3790ab4b6a:-244fac84:1672b0941ec:-7fec</dependentUuid></PortletCategory><PortletDefinition><ListPortletDefinition><BuilderPortletDefinition><dataSource><id>30441</id><name>china_customs_resources_efforts_in_project</name></dataSource><preferenceSummaryShown>true</preferenceSummaryShown><totalShown>true</totalShown><requireEditBeforeFirstView>false</requireEditBeforeFirstView><helpText/><preference><name>PROJECT_ID</name><type>autoComplete</type><prompt>项目名称</prompt><layoutRow>0</layoutRow><layoutColumn>0</layoutColumn><layoutWidth>1</layoutWidth><defaultValue/><displayOption>requiredEditablePref</displayOption></preference></BuilderPortletDefinition><defaultSortOrder>ASC</defaultSortOrder><defaultRowsInPortlet>10</defaultRowsInPortlet><defaultRowsInMaximized>50</defaultRowsInMaximized><defaultSortColumnName>人员</defaultSortColumnName><column><name>人员</name><uuid>fcbdcf3790ab4b6a:-244fac84:1672b0941ec:-7fea</uuid><type>TEXT</type><textSource>RESOURCE_FULL_NAME</textSource><calculatedTextSource/><textContainsHTML>false</textContainsHTML><width>MEDIUM</width><showAllTextInTooltip>false</showAllTextInTooltip><tooltipSource/><calculatedTooltipSource/><tooltipContainsHTML>false</tooltipContainsHTML><sortable>true</sortable><displayOption>byDefaultColumn</displayOption><iconSource>ACTUALS_TO_DATE</iconSource><calculatedIconSource/><percentSource>ACTUALS_TO_DATE</percentSource><calculatedPercentSource/><colorSource/><calculatedColorSource/><columnSequence>3</columnSequence><hyperlink><hyperlinkType>noHyperlink</hyperlinkType><hyperlinkSource/></hyperlink></column><column><name>本周工时</name><uuid>fcbdcf3790ab4b6a:-244fac84:1672b0941ec:-7fe8</uuid><type>TEXT</type><textSource>ACTUAL_TIME_CURRENT</textSource><calculatedTextSource/><textContainsHTML>false</textContainsHTML><width>SMALL</width><showAllTextInTooltip>false</showAllTextInTooltip><tooltipSource/><calculatedTooltipSource/><tooltipContainsHTML>false</tooltipContainsHTML><sortable>true</sortable><displayOption>byDefaultColumn</displayOption><iconSource>ACTUALS_TO_DATE</iconSource><calculatedIconSource/><percentSource>ACTUALS_TO_DATE</percentSource><calculatedPercentSource/><colorSource/><calculatedColorSource/><columnSequence>5</columnSequence><hyperlink><hyperlinkType>noHyperlink</hyperlinkType><hyperlinkSource/></hyperlink></column><column><name>上周工时</name><uuid>fcbdcf3790ab4b6a:-244fac84:1672b0941ec:-7fe6</uuid><type>TEXT</type><textSource>ACTUAL_TIME_PREVIOUS</textSource><calculatedTextSource/><textContainsHTML>false</textContainsHTML><width>SMALL</width><showAllTextInTooltip>false</showAllTextInTooltip><tooltipSource/><calculatedTooltipSource/><tooltipContainsHTML>false</tooltipContainsHTML><sortable>true</sortable><displayOption>byDefaultColumn</displayOption><iconSource>ACTUALS_TO_DATE</iconSource><calculatedIconSource/><percentSource>ACTUALS_TO_DATE</percentSource><calculatedPercentSource/><colorSource/><calculatedColorSource/><columnSequence>7</columnSequence><hyperlink><hyperlinkType>noHyperlink</hyperlinkType><hyperlinkSource/></hyperlink></column><column><name>总工时</name><uuid>fcbdcf3790ab4b6a:-244fac84:1672b0941ec:-7fe4</uuid><type>TEXT</type><textSource>ACTUALS_TO_DATE</textSource><calculatedTextSource/><textContainsHTML>false</textContainsHTML><width>SMALL</width><showAllTextInTooltip>false</showAllTextInTooltip><tooltipSource/><calculatedTooltipSource/><tooltipContainsHTML>false</tooltipContainsHTML><sortable>true</sortable><displayOption>byDefaultColumn</displayOption><iconSource>ACTUALS_TO_DATE</iconSource><calculatedIconSource/><percentSource>ACTUALS_TO_DATE</percentSource><calculatedPercentSource/><colorSource/><calculatedColorSource/><columnSequence>9</columnSequence><hyperlink><hyperlinkType>noHyperlink</hyperlinkType><hyperlinkSource/></hyperlink></column></ListPortletDefinition><type>List</type><portletCommSup>false</portletCommSup><name>项目人员工时统计</name><uuid>fcbdcf3790ab4b6a:-244fac84:1672b0941ec:-7fec</uuid><description/><timeout>20</timeout><defaultWidth>1</defaultWidth><enabled>true</enabled><exportAsWSRP>false</exportAsWSRP><supportDrillTo>true</supportDrillTo><category>Project Overview</category><category>Project Management</category><builtIn>false</builtIn></PortletDefinition></ExportList>
